company,date,year,month,close,Ratio,phan_ung,price_change_pct,sentiment_ratio_change_pct,price_idx,ratio_idx
BVH,2020-01-01,2020,1,50164.0,3.622926093514329,None,,,100.0,100.0
BVH,2020-02-01,2020,2,46837.0,3.622926093514329,None,,,93.36775376764214,100.0
BVH,2020-03-01,2020,3,31566.0,3.622926093514329,None,,,62.92560401881827,100.0
BVH,2020-04-01,2020,4,39414.0,3.622926093514329,None,,,78.57028945060203,100.0
BVH,2020-05-01,2020,5,42614.0,3.622926093514329,None,,,84.94936607926003,100.0
BVH,2020-06-01,2020,6,38817.0,3.622926093514329,None,,,77.38019296706801,100.0
BVH,2020-07-01,2020,7,34466.0,3.622926093514329,None,,,68.7066422135396,100.0
BVH,2020-08-01,2020,8,42571.0,3.622926093514329,None,,,84.86364723706244,100.0
BVH,2020-09-01,2020,9,41547.0,3.622926093514329,None,,,82.82234271589188,100.0
BVH,2020-10-01,2020,10,43712.0,3.622926093514329,None,,,87.13818674746831,100.0
BVH,2020-11-01,2020,11,47608.0,3.622926093514329,None,,,94.90471254285943,100.0
BVH,2020-12-01,2020,12,57129.0,3.622926093514329,None,,,113.88445897456343,100.0
BVH,2021-01-01,2021,1,48906.0,2.746739130434783,Trung thực,-13.95,-24.18,97.49222550035881,75.81548890417406
BVH,2021-02-01,2021,2,51156.0,2.746739130434783,Trung thực,-13.95,-24.18,101.97751375488397,75.81548890417406
BVH,2021-03-01,2021,3,51589.0,2.746739130434783,Trung thực,-13.95,-24.18,102.84068256119927,75.81548890417406
BVH,2021-04-01,2021,4,49598.0,2.746739130434783,Trung thực,-13.95,-24.18,98.87170082130612,75.81548890417406
BVH,2021-05-01,2021,5,46829.0,2.746739130434783,Trung thực,-13.95,-24.18,93.35180607607049,75.81548890417406
BVH,2021-06-01,2021,6,50551.0,2.746739130434783,Trung thực,-13.95,-24.18,100.77146957977831,75.81548890417406
BVH,2021-07-01,2021,7,44232.0,2.746739130434783,Trung thực,-13.95,-24.18,88.17478669962523,75.81548890417406
BVH,2021-08-01,2021,8,49339.0,2.746739130434783,Trung thực,-13.95,-24.18,98.3553943066741,75.81548890417406
BVH,2021-09-01,2021,9,50551.0,2.746739130434783,Trung thực,-13.95,-24.18,100.77146957977831,75.81548890417406
BVH,2021-10-01,2021,10,56004.0,2.746739130434783,Trung thực,-13.95,-24.18,111.64181484730085,75.81548890417406
BVH,2021-11-01,2021,11,53551.0,2.746739130434783,Trung thực,-13.95,-24.18,106.75185391914522,75.81548890417406
BVH,2021-12-01,2021,12,49161.0,2.746739130434783,Trung thực,-13.95,-24.18,98.00055816920501,75.81548890417406
BVH,2022-01-01,2022,1,47757.0,3.018757327080891,None,-11.28,9.9,95.20173829838131,83.32373471501377
BVH,2022-02-01,2022,2,51883.0,3.018757327080891,None,-11.28,9.9,103.42676022645722,83.32373471501377
BVH,2022-03-01,2022,3,53990.0,3.018757327080891,None,-11.28,9.9,107.62698349413921,83.32373471501377
BVH,2022-04-01,2022,4,54517.0,3.018757327080891,None,-11.28,9.9,108.67753767642134,83.32373471501377
BVH,2022-05-01,2022,5,46177.0,3.018757327080891,None,-11.28,9.9,92.05206921298142,83.32373471501377
BVH,2022-06-01,2022,6,46089.0,3.018757327080891,None,-11.28,9.9,91.87664460569333,83.32373471501377
BVH,2022-07-01,2022,7,50742.0,3.018757327080891,None,-11.28,9.9,101.15222071605135,83.32373471501377
BVH,2022-08-01,2022,8,51356.0,3.018757327080891,None,-11.28,9.9,102.3762060441751,83.32373471501377
BVH,2022-09-01,2022,9,46967.0,3.018757327080891,None,-11.28,9.9,93.62690375568137,83.32373471501377
BVH,2022-10-01,2022,10,46089.0,3.018757327080891,None,-11.28,9.9,91.87664460569333,83.32373471501377
BVH,2022-11-01,2022,11,45350.0,3.018757327080891,None,-11.28,9.9,90.40347659676262,83.32373471501377
BVH,2022-12-01,2022,12,43618.0,3.018757327080891,None,-11.28,9.9,86.95080137150147,83.32373471501377
BVH,2023-01-01,2023,1,47175.0,6.215339233038348,Tẩy xanh,-13.18,105.89,94.04154373654413,171.55578316005096
BVH,2023-02-01,2023,2,45396.0,6.215339233038348,Tẩy xanh,-13.18,105.89,90.49517582329958,171.55578316005096
BVH,2023-03-01,2023,3,45350.0,6.215339233038348,Tẩy xanh,-13.18,105.89,90.40347659676262,171.55578316005096
BVH,2023-04-01,2023,4,42027.0,6.215339233038348,Tẩy xanh,-13.18,105.89,83.77920421019057,171.55578316005096
BVH,2023-05-01,2023,5,40716.0,6.215339233038348,Tẩy xanh,-13.18,105.89,81.16577625388724,171.55578316005096
BVH,2023-06-01,2023,6,41278.0,6.215339233038348,Tẩy xanh,-13.18,105.89,82.28610158679531,171.55578316005096
BVH,2023-07-01,2023,7,45069.0,6.215339233038348,Tẩy xanh,-13.18,105.89,89.84331393030858,171.55578316005096
BVH,2023-08-01,2023,8,42308.0,6.215339233038348,Tẩy xanh,-13.18,105.89,84.3393668766446,171.55578316005096
BVH,2023-09-01,2023,9,39453.0,6.215339233038348,Tẩy xanh,-13.18,105.89,78.6480344470138,171.55578316005096
BVH,2023-10-01,2023,10,36411.0,6.215339233038348,Tẩy xanh,-13.18,105.89,72.58392472689577,171.55578316005096
BVH,2023-11-01,2023,11,37390.0,6.215339233038348,Tẩy xanh,-13.18,105.89,74.53552348297585,171.55578316005096
BVH,2023-12-01,2023,12,37870.0,6.215339233038348,Tẩy xanh,-13.18,105.89,75.49238497727454,171.55578316005096
BVH,2024-01-01,2024,1,38829.0,5.813895781637717,None,31.36,-6.46,77.40411450442548,160.4751416830061
BVH,2024-02-01,2024,2,41130.0,5.813895781637717,None,31.36,-6.46,81.99106929271987,160.4751416830061
BVH,2024-03-01,2024,3,40986.0,5.813895781637717,None,31.36,-6.46,81.70401084443026,160.4751416830061
BVH,2024-04-01,2024,4,37822.0,5.813895781637717,None,31.36,-6.46,75.39669882784466,160.4751416830061
BVH,2024-05-01,2024,5,42999.0,5.813895781637717,None,31.36,-6.46,85.71684873614545,160.4751416830061
BVH,2024-06-01,2024,6,44102.0,5.813895781637717,None,31.36,-6.46,87.915636711586,160.4751416830061
BVH,2024-07-01,2024,7,41801.0,5.813895781637717,None,31.36,-6.46,83.3286819232916,160.4751416830061
BVH,2024-08-01,2024,8,43622.0,5.813895781637717,None,31.36,-6.46,86.9587752172873,160.4751416830061
BVH,2024-09-01,2024,9,41082.0,5.813895781637717,None,31.36,-6.46,81.89538314329002,160.4751416830061
BVH,2024-10-01,2024,10,41225.0,5.813895781637717,None,31.36,-6.46,82.18044813013317,160.4751416830061
BVH,2024-11-01,2024,11,46607.0,5.813895781637717,None,31.36,-6.46,92.90925763495734,160.4751416830061
BVH,2024-12-01,2024,12,49747.0,5.813895781637717,None,31.36,-6.46,99.168726576828,160.4751416830061
BVH,2025-01-01,2025,1,49845.0,5.871459694989107,None,14.18,0.99,99.36408579858066,162.0640207234712
BVH,2025-02-01,2025,2,55536.0,5.871459694989107,None,14.18,0.99,110.70887489035961,162.0640207234712
BVH,2025-03-01,2025,3,52298.0,5.871459694989107,None,14.18,0.99,104.2540467267363,162.0640207234712
BVH,2025-04-01,2025,4,45086.0,5.871459694989107,None,14.18,0.99,89.87720277489834,162.0640207234712
BVH,2025-05-01,2025,5,49649.0,5.871459694989107,None,14.18,0.99,98.97336735507535,162.0640207234712
BVH,2025-06-01,2025,6,52102.0,5.871459694989107,None,14.18,0.99,103.863328283231,162.0640207234712
BVH,2025-07-01,2025,7,48324.0,5.871459694989107,None,14.18,0.99,96.33203093852165,162.0640207234712
BVH,2025-08-01,2025,8,57793.0,5.871459694989107,None,14.18,0.99,115.20811737500998,162.0640207234712
BVH,2025-09-01,2025,9,54260.0,5.871459694989107,None,14.18,0.99,108.16521808468225,162.0640207234712
BVH,2025-10-01,2025,10,49845.0,5.871459694989107,None,14.18,0.99,99.36408579858066,162.0640207234712
BVH,2025-11-01,2025,11,52100.0,5.871459694989107,None,14.18,0.99,103.85934136033809,162.0640207234712
BVH,2025-12-01,2025,12,56800.0,5.871459694989107,None,14.18,0.99,113.22861015867953,162.0640207234712
PAN,2020-01-01,2020,1,15963.0,4.56544502617801,None,,,100.0,100.0
PAN,2020-02-01,2020,2,14782.0,4.56544502617801,None,,,92.60164129549582,100.0
PAN,2020-03-01,2020,3,13958.0,4.56544502617801,None,,,87.43970431623129,100.0
PAN,2020-04-01,2020,4,16464.0,4.56544502617801,None,,,103.13850779928583,100.0
PAN,2020-05-01,2020,5,15748.0,4.56544502617801,None,,,98.65313537555598,100.0
PAN,2020-06-01,2020,6,14209.0,4.56544502617801,None,,,89.01209045918687,100.0
PAN,2020-07-01,2020,7,12563.0,4.56544502617801,None,,,78.70074547390841,100.0
PAN,2020-08-01,2020,8,14817.0,4.56544502617801,None,,,92.82089832738207,100.0
PAN,2020-09-01,2020,9,14567.0,4.56544502617801,None,,,91.2547766710518,100.0
PAN,2020-10-01,2020,10,13243.0,4.56544502617801,None,,,82.96059637912673,100.0
PAN,2020-11-01,2020,11,14746.0,4.56544502617801,None,,,92.37611977698428,100.0
PAN,2020-12-01,2020,12,24839.0,4.56544502617801,None,,,155.6035832863497,100.0
PAN,2021-01-01,2021,1,18253.0,4.545454545454546,None,13.27,-0.44,114.34567437198521,99.56213511259384
PAN,2021-02-01,2021,2,19731.0,4.545454545454546,None,13.27,-0.44,123.60458560420973,99.56213511259384
PAN,2021-03-01,2021,3,20682.0,4.545454545454546,None,13.27,-0.44,129.56211238489007,99.56213511259384
PAN,2021-04-01,2021,4,18635.0,4.545454545454546,None,13.27,-0.44,116.73870826285786,99.56213511259384
PAN,2021-05-01,2021,5,18928.0,4.545454545454546,None,13.27,-0.44,118.57420284407694,99.56213511259384
PAN,2021-06-01,2021,6,19805.0,4.545454545454546,None,13.27,-0.44,124.06815761448348,99.56213511259384
PAN,2021-07-01,2021,7,18855.0,4.545454545454546,None,13.27,-0.44,118.11689532042848,99.56213511259384
PAN,2021-08-01,2021,8,20608.0,4.545454545454546,None,13.27,-0.44,129.0985403746163,99.56213511259384
PAN,2021-09-01,2021,9,20462.0,4.545454545454546,None,13.27,-0.44,128.18392532731943,99.56213511259384
PAN,2021-10-01,2021,10,23678.0,4.545454545454546,None,13.27,-0.44,148.33051431435194,99.56213511259384
PAN,2021-11-01,2021,11,29524.0,4.545454545454546,None,13.27,-0.44,184.95270312597881,99.56213511259384
PAN,2021-12-01,2021,12,28136.0,4.545454545454546,None,13.27,-0.44,176.2575956900332,99.56213511259384
PAN,2022-01-01,2022,1,21193.0,4.185654008438819,Trung thực,-61.17,-7.92,132.7632650504291,91.68118298300624
PAN,2022-02-01,2022,2,24080.0,4.185654008438819,Trung thực,-61.17,-7.92,150.84883793773102,91.68118298300624
PAN,2022-03-01,2022,3,23203.0,4.185654008438819,Trung thực,-61.17,-7.92,145.35488316732443,91.68118298300624
PAN,2022-04-01,2022,4,18708.0,4.185654008438819,Trung thực,-61.17,-7.92,117.1960157865063,91.68118298300624
PAN,2022-05-01,2022,5,16699.0,4.185654008438819,Trung thực,-61.17,-7.92,104.61066215623629,91.68118298300624
PAN,2022-06-01,2022,6,15127.0,4.185654008438819,Trung thực,-61.17,-7.92,94.7628891812316,91.68118298300624
PAN,2022-07-01,2022,7,16699.0,4.185654008438819,Trung thực,-61.17,-7.92,104.61066215623629,91.68118298300624
PAN,2022-08-01,2022,8,18562.0,4.185654008438819,Trung thực,-61.17,-7.92,116.28140073920943,91.68118298300624
PAN,2022-09-01,2022,9,16297.0,4.185654008438819,Trung thực,-61.17,-7.92,102.09233853285724,91.68118298300624
PAN,2022-10-01,2022,10,13300.0,4.185654008438819,Trung thực,-61.17,-7.92,83.31767211677003,91.68118298300624
PAN,2022-11-01,2022,11,11327.0,4.185654008438819,Trung thực,-61.17,-7.92,70.95784000501159,91.68118298300624
PAN,2022-12-01,2022,12,10925.0,4.185654008438819,Trung thực,-61.17,-7.92,68.43951638163253,91.68118298300624
PAN,2023-01-01,2023,1,12716.0,3.4516129032258065,None,35.12,-17.54,79.65921192758253,75.6029890500148
PAN,2023-02-01,2023,2,11400.0,3.4516129032258065,None,35.12,-17.54,71.41514752866003,75.6029890500148
PAN,2023-03-01,2023,3,12204.0,3.4516129032258065,None,35.12,-17.54,76.45179477541816,75.6029890500148
PAN,2023-04-01,2023,4,13593.0,3.4516129032258065,None,35.12,-17.54,85.1531666979891,75.6029890500148
PAN,2023-05-01,2023,5,13447.0,3.4516129032258065,None,35.12,-17.54,84.23855165069223,75.6029890500148
PAN,2023-06-01,2023,6,14397.0,3.4516129032258065,None,35.12,-17.54,90.18981394474723,75.6029890500148
PAN,2023-07-01,2023,7,16954.0,3.4516129032258065,None,35.12,-17.54,106.20810624569317,75.6029890500148
PAN,2023-08-01,2023,8,16041.0,3.4516129032258065,None,35.12,-17.54,100.48862995677503,75.6029890500148
PAN,2023-09-01,2023,9,14872.0,3.4516129032258065,None,35.12,-17.54,93.16544509177473,75.6029890500148
PAN,2023-10-01,2023,10,12789.0,3.4516129032258065,None,35.12,-17.54,80.11651945123097,75.6029890500148
PAN,2023-11-01,2023,11,13885.0,3.4516129032258065,None,35.12,-17.54,86.98239679258285,75.6029890500148
PAN,2023-12-01,2023,12,14762.0,3.4516129032258065,None,35.12,-17.54,92.47635156298941,75.6029890500148
PAN,2024-01-01,2024,1,15456.0,6.18716577540107,None,20.06,79.25,96.82390528096224,135.5216356767895
PAN,2024-02-01,2024,2,17137.0,6.18716577540107,None,20.06,79.25,107.35450729812692,135.5216356767895
PAN,2024-03-01,2024,3,18160.0,6.18716577540107,None,20.06,79.25,113.76307711583036,135.5216356767895
PAN,2024-04-01,2024,4,15566.0,6.18716577540107,None,20.06,79.25,97.51299880974754,135.5216356767895
PAN,2024-05-01,2024,5,17137.0,6.18716577540107,None,20.06,79.25,107.35450729812692,135.5216356767895
PAN,2024-06-01,2024,6,17910.0,6.18716577540107,None,20.06,79.25,112.1969554595001,135.5216356767895
PAN,2024-07-01,2024,7,17052.0,6.18716577540107,None,20.06,79.25,106.82202593497463,135.5216356767895
PAN,2024-08-01,2024,8,17052.0,6.18716577540107,None,20.06,79.25,106.82202593497463,135.5216356767895
PAN,2024-09-01,2024,9,17611.0,6.18716577540107,None,20.06,79.25,110.32387395852909,135.5216356767895
PAN,2024-10-01,2024,10,18246.0,6.18716577540107,None,20.06,79.25,114.30182296560795,135.5216356767895
PAN,2024-11-01,2024,11,16977.0,6.18716577540107,None,20.06,79.25,106.35218943807554,135.5216356767895
PAN,2024-12-01,2024,12,17723.0,6.18716577540107,None,20.06,79.25,111.02549646056505,135.5216356767895
PAN,2025-01-01,2025,1,18731.0,4.449814126394052,None,16.65,-28.08,117.34009897888869,97.46725896115412
PAN,2025-02-01,2025,2,21081.0,4.449814126394052,None,16.65,-28.08,132.06164254839317,97.46725896115412
PAN,2025-03-01,2025,3,19999.0,4.449814126394052,None,16.65,-28.08,125.28346801979578,97.46725896115412
PAN,2025-04-01,2025,4,17052.0,4.449814126394052,None,16.65,-28.08,106.82202593497463,97.46725896115412
PAN,2025-05-01,2025,5,20298.0,4.449814126394052,None,16.65,-28.08,127.15654952076679,97.46725896115412
PAN,2025-06-01,2025,6,20746.0,4.449814126394052,None,16.65,-28.08,129.9630395289106,97.46725896115412
PAN,2025-07-01,2025,7,25372.0,4.449814126394052,None,16.65,-28.08,158.9425546576458,97.46725896115412
PAN,2025-08-01,2025,8,25067.0,4.449814126394052,None,16.65,-28.08,157.03188623692287,97.46725896115412
PAN,2025-09-01,2025,9,23893.0,4.449814126394052,None,16.65,-28.08,149.67737893879595,97.46725896115412
PAN,2025-10-01,2025,10,23628.0,4.449814126394052,None,16.65,-28.08,148.01728998308587,97.46725896115412
PAN,2025-11-01,2025,11,20901.0,4.449814126394052,None,16.65,-28.08,130.9340349558354,97.46725896115412
PAN,2025-12-01,2025,12,20674.0,4.449814126394052,None,16.65,-28.08,129.5119964918875,97.46725896115412
PLX,2020-01-01,2020,1,40980.0,3.015527950310559,None,,,100.0,100.0
PLX,2020-02-01,2020,2,39898.0,3.015527950310559,None,,,97.35968765251341,100.0
PLX,2020-03-01,2020,3,29727.0,3.015527950310559,None,,,72.5402635431918,100.0
PLX,2020-04-01,2020,4,32821.0,3.015527950310559,None,,,80.09028794533918,100.0
PLX,2020-05-01,2020,5,37586.0,3.015527950310559,None,,,91.7179111761835,100.0
PLX,2020-06-01,2020,6,36242.0,3.015527950310559,None,,,88.43826256710591,100.0
PLX,2020-07-01,2020,7,34369.0,3.015527950310559,None,,,83.86774036115177,100.0
PLX,2020-08-01,2020,8,42757.0,3.015527950310559,None,,,104.33626159102,100.0
PLX,2020-09-01,2020,9,41755.0,3.015527950310559,None,,,101.8911664226452,100.0
PLX,2020-10-01,2020,10,40676.0,3.015527950310559,None,,,99.2581747193753,100.0
PLX,2020-11-01,2020,11,42170.0,3.015527950310559,None,,,102.90385553928745,100.0
PLX,2020-12-01,2020,12,45324.0,3.015527950310559,None,,,110.60029282576866,100.0
PLX,2021-01-01,2021,1,40676.0,3.085714285714286,None,0.79,2.33,99.2581747193753,102.32749742533471
PLX,2021-02-01,2021,2,48313.0,3.085714285714286,None,0.79,2.33,117.89409468033188,102.32749742533471
PLX,2021-03-01,2021,3,45739.0,3.085714285714286,None,0.79,2.33,111.61298194241094,102.32749742533471
PLX,2021-04-01,2021,4,41755.0,3.085714285714286,None,0.79,2.33,101.8911664226452,102.32749742533471
PLX,2021-05-01,2021,5,45324.0,3.085714285714286,None,0.79,2.33,110.60029282576866,102.32749742533471
PLX,2021-06-01,2021,6,46442.0,3.085714285714286,None,0.79,2.33,113.32845290385553,102.32749742533471
PLX,2021-07-01,2021,7,43476.0,3.085714285714286,None,0.79,2.33,106.09077598828698,102.32749742533471
PLX,2021-08-01,2021,8,42120.0,3.085714285714286,None,0.79,2.33,102.7818448023426,102.32749742533471
PLX,2021-09-01,2021,9,43730.0,3.085714285714286,None,0.79,2.33,106.71059053196682,102.32749742533471
PLX,2021-10-01,2021,10,45849.0,3.085714285714286,None,0.79,2.33,111.8814055636896,102.32749742533471
PLX,2021-11-01,2021,11,45849.0,3.085714285714286,None,0.79,2.33,111.8814055636896,102.32749742533471
PLX,2021-12-01,2021,12,45680.0,3.085714285714286,None,0.79,2.33,111.469009272816,102.32749742533471
PLX,2022-01-01,2022,1,47544.0,2.418546365914787,Trung thực,-38.69,-21.62,116.01756954612006,80.20308237122156
PLX,2022-02-01,2022,2,52799.0,2.418546365914787,Trung thực,-38.69,-21.62,128.84089799902392,80.20308237122156
PLX,2022-03-01,2022,3,46781.0,2.418546365914787,Trung thực,-38.69,-21.62,114.15568570034162,80.20308237122156
PLX,2022-04-01,2022,4,40679.0,2.418546365914787,Trung thực,-38.69,-21.62,99.265495363592,80.20308237122156
PLX,2022-05-01,2022,5,37290.0,2.418546365914787,Trung thực,-38.69,-21.62,90.99560761346999,80.20308237122156
PLX,2022-06-01,2022,6,34154.0,2.418546365914787,Trung thực,-38.69,-21.62,83.34309419228893,80.20308237122156
PLX,2022-07-01,2022,7,34832.0,2.418546365914787,Trung thực,-38.69,-21.62,84.9975597852611,80.20308237122156
PLX,2022-08-01,2022,8,35764.0,2.418546365914787,Trung thực,-38.69,-21.62,87.27183992191313,80.20308237122156
PLX,2022-09-01,2022,9,27882.0,2.418546365914787,Trung thực,-38.69,-21.62,68.03806734992679,80.20308237122156
PLX,2022-10-01,2022,10,24153.0,2.418546365914787,Trung thực,-38.69,-21.62,58.9385065885798,80.20308237122156
PLX,2022-11-01,2022,11,26062.0,2.418546365914787,Trung thực,-38.69,-21.62,63.59687652513421,80.20308237122156
PLX,2022-12-01,2022,12,28005.0,2.418546365914787,Trung thực,-38.69,-21.62,68.33821376281112,80.20308237122156
PLX,2023-01-01,2023,1,32511.000000000004,7.463157894736842,None,10.75,208.58,79.33382137628112,247.49092091712285
PLX,2023-02-01,2023,2,32953.0,7.463157894736842,None,10.75,208.58,80.4123962908736,247.49092091712285
PLX,2023-03-01,2023,3,33085.0,7.463157894736842,None,10.75,208.58,80.734504636408,247.49092091712285
PLX,2023-04-01,2023,4,33085.0,7.463157894736842,None,10.75,208.58,80.734504636408,247.49092091712285
PLX,2023-05-01,2023,5,33129.0,7.463157894736842,None,10.75,208.58,80.84187408491947,247.49092091712285
PLX,2023-06-01,2023,6,32997.0,7.463157894736842,None,10.75,208.58,80.51976573938506,247.49092091712285
PLX,2023-07-01,2023,7,36663.0,7.463157894736842,None,10.75,208.58,89.46559297218155,247.49092091712285
PLX,2023-08-01,2023,8,34057.0,7.463157894736842,None,10.75,208.58,83.10639336261592,247.49092091712285
PLX,2023-09-01,2023,9,33712.0,7.463157894736842,None,10.75,208.58,82.26451927769644,247.49092091712285
PLX,2023-10-01,2023,10,28678.0,7.463157894736842,None,10.75,208.58,69.98047828208882,247.49092091712285
PLX,2023-11-01,2023,11,31555.0,7.463157894736842,None,10.75,208.58,77.00097608589556,247.49092091712285
PLX,2023-12-01,2023,12,31015.0,7.463157894736842,None,10.75,208.58,75.68326012689116,247.49092091712285
PLX,2024-01-01,2024,1,31105.0,7.363636363636363,None,12.95,-1.33,75.9028794533919,244.19061885591233
PLX,2024-02-01,2024,2,32229.0,7.363636363636363,None,12.95,-1.33,78.64568081991216,244.19061885591233
PLX,2024-03-01,2024,3,33533.0,7.363636363636363,None,12.95,-1.33,81.82772083943387,244.19061885591233
PLX,2024-04-01,2024,4,32094.0,7.363636363636363,None,12.95,-1.33,78.31625183016105,244.19061885591233
PLX,2024-05-01,2024,5,38299.0,7.363636363636363,None,12.95,-1.33,93.45778428501708,244.19061885591233
PLX,2024-06-01,2024,6,38206.0,7.363636363636363,None,12.95,-1.33,93.23084431429966,244.19061885591233
PLX,2024-07-01,2024,7,42876.0,7.363636363636363,None,12.95,-1.33,104.62664714494876,244.19061885591233
PLX,2024-08-01,2024,8,45398.0,7.363636363636363,None,12.95,-1.33,110.78086871644706,244.19061885591233
PLX,2024-09-01,2024,9,41568.0,7.363636363636363,None,12.95,-1.33,101.43484626647145,244.19061885591233
PLX,2024-10-01,2024,10,38392.0,7.363636363636363,None,12.95,-1.33,93.68472425573451,244.19061885591233
PLX,2024-11-01,2024,11,37365.0,7.363636363636363,None,12.95,-1.33,91.17862371888727,244.19061885591233
PLX,2024-12-01,2024,12,35030.0,7.363636363636363,None,12.95,-1.33,85.48072230356271,244.19061885591233
PLX,2025-01-01,2025,1,36898.0,4.34065934065934,None,-2.71,-41.05,90.03904343582235,143.94359502495442
PLX,2025-02-01,2025,2,40681.0,4.34065934065934,None,-2.71,-41.05,99.27037579306979,143.94359502495442
PLX,2025-03-01,2025,3,36944.0,4.34065934065934,None,-2.71,-41.05,90.15129331381162,143.94359502495442
PLX,2025-04-01,2025,4,31667.0,4.34065934065934,None,-2.71,-41.05,77.27428013665202,143.94359502495442
PLX,2025-05-01,2025,5,32227.0,4.34065934065934,None,-2.71,-41.05,78.64080039043436,143.94359502495442
PLX,2025-06-01,2025,6,35961.0,4.34065934065934,None,-2.71,-41.05,87.75256222547584,143.94359502495442
PLX,2025-07-01,2025,7,34996.0,4.34065934065934,None,-2.71,-41.05,85.3977550024402,143.94359502495442
PLX,2025-08-01,2025,8,34851.0,4.34065934065934,None,-2.71,-41.05,85.04392386530014,143.94359502495442
PLX,2025-09-01,2025,9,33017.0,4.34065934065934,None,-2.71,-41.05,80.56857003416302,143.94359502495442
PLX,2025-10-01,2025,10,33355.0,4.34065934065934,None,-2.71,-41.05,81.3933626159102,143.94359502495442
PLX,2025-11-01,2025,11,32727.0,4.34065934065934,None,-2.71,-41.05,79.86090775988288,143.94359502495442
PLX,2025-12-01,2025,12,34079.0,4.34065934065934,None,-2.71,-41.05,83.16007808687165,143.94359502495442
PNJ,2020-01-01,2020,1,36600.0,4.756880733944954,None,,,100.0,100.0
PNJ,2020-02-01,2020,2,35471.0,4.756880733944954,None,,,96.9153005464481,100.0
PNJ,2020-03-01,2020,3,20362.0,4.756880733944954,None,,,55.63387978142077,100.0
PNJ,2020-04-01,2020,4,25241.0,4.756880733944954,None,,,68.96448087431693,100.0
PNJ,2020-05-01,2020,5,27992.0,4.756880733944954,None,,,76.48087431693989,100.0
PNJ,2020-06-01,2020,6,25463.0,4.756880733944954,None,,,69.57103825136612,100.0
PNJ,2020-07-01,2020,7,22890.0,4.756880733944954,None,,,62.540983606557376,100.0
PNJ,2020-08-01,2020,8,26616.0,4.756880733944954,None,,,72.72131147540983,100.0
PNJ,2020-09-01,2020,9,27016.0,4.756880733944954,None,,,73.81420765027322,100.0
PNJ,2020-10-01,2020,10,30831.0,4.756880733944954,None,,,84.23770491803279,100.0
PNJ,2020-11-01,2020,11,34557.0,4.756880733944954,None,,,94.41803278688525,100.0
PNJ,2020-12-01,2020,12,36207.0,4.756880733944954,None,,,98.92622950819671,100.0
PNJ,2021-01-01,2021,1,37146.0,4.483870967741935,None,20.67,-5.74,101.49180327868852,94.26073972687962
PNJ,2021-02-01,2021,2,37951.0,4.483870967741935,None,20.67,-5.74,103.69125683060109,94.26073972687962
PNJ,2021-03-01,2021,3,38138.0,4.483870967741935,None,20.67,-5.74,104.20218579234972,94.26073972687962
PNJ,2021-04-01,2021,4,44231.0,4.483870967741935,None,20.67,-5.74,120.84972677595628,94.26073972687962
PNJ,2021-05-01,2021,5,45540.0,4.483870967741935,None,20.67,-5.74,124.42622950819673,94.26073972687962
PNJ,2021-06-01,2021,6,45179.0,4.483870967741935,None,20.67,-5.74,123.4398907103825,94.26073972687962
PNJ,2021-07-01,2021,7,43238.0,4.483870967741935,None,20.67,-5.74,118.13661202185793,94.26073972687962
PNJ,2021-08-01,2021,8,38815.0,4.483870967741935,None,20.67,-5.74,106.05191256830602,94.26073972687962
PNJ,2021-09-01,2021,9,44547.0,4.483870967741935,None,20.67,-5.74,121.71311475409836,94.26073972687962
PNJ,2021-10-01,2021,10,46939.0,4.483870967741935,None,20.67,-5.74,128.24863387978144,94.26073972687962
PNJ,2021-11-01,2021,11,44186.0,4.483870967741935,None,20.67,-5.74,120.72677595628416,94.26073972687962
PNJ,2021-12-01,2021,12,43690.0,4.483870967741935,None,20.67,-5.74,119.37158469945355,94.26073972687962
PNJ,2022-01-01,2022,1,47232.0,1.21455938697318,None,26.9,-72.91,129.04918032786884,25.532685280631945
PNJ,2022-02-01,2022,2,46778.0,1.21455938697318,None,26.9,-72.91,127.8087431693989,25.532685280631945
PNJ,2022-03-01,2022,3,50467.0,1.21455938697318,None,26.9,-72.91,137.8879781420765,25.532685280631945
PNJ,2022-04-01,2022,4,49325.0,1.21455938697318,None,26.9,-72.91,134.76775956284152,25.532685280631945
PNJ,2022-05-01,2022,5,52476.0,1.21455938697318,None,26.9,-72.91,143.37704918032787,25.532685280631945
PNJ,2022-06-01,2022,6,58994.0,1.21455938697318,None,26.9,-72.91,161.1857923497268,25.532685280631945
PNJ,2022-07-01,2022,7,52337.0,1.21455938697318,None,26.9,-72.91,142.99726775956285,25.532685280631945
PNJ,2022-08-01,2022,8,52705.0,1.21455938697318,None,26.9,-72.91,144.00273224043715,25.532685280631945
PNJ,2022-09-01,2022,9,49124.0,1.21455938697318,None,26.9,-72.91,134.21857923497268,25.532685280631945
PNJ,2022-10-01,2022,10,47793.0,1.21455938697318,None,26.9,-72.91,130.58196721311475,25.532685280631945
PNJ,2022-11-01,2022,11,52512.0,1.21455938697318,None,26.9,-72.91,143.47540983606558,25.532685280631945
PNJ,2022-12-01,2022,12,55443.0,1.21455938697318,None,26.9,-72.91,151.48360655737704,25.532685280631945
PNJ,2023-01-01,2023,1,56003.0,4.2303030303030305,None,-1.86,248.3,153.0136612021858,88.93018906519389
PNJ,2023-02-01,2023,2,47745.0,4.2303030303030305,None,-1.86,248.3,130.45081967213116,88.93018906519389
PNJ,2023-03-01,2023,3,48242.0,4.2303030303030305,None,-1.86,248.3,131.8087431693989,88.93018906519389
PNJ,2023-04-01,2023,4,47808.0,4.2303030303030305,None,-1.86,248.3,130.62295081967213,88.93018906519389
PNJ,2023-05-01,2023,5,44020.0,4.2303030303030305,None,-1.86,248.3,120.27322404371586,88.93018906519389
PNJ,2023-06-01,2023,6,46956.0,4.2303030303030305,None,-1.86,248.3,128.29508196721312,88.93018906519389
PNJ,2023-07-01,2023,7,51964.0,4.2303030303030305,None,-1.86,248.3,141.97814207650273,88.93018906519389
PNJ,2023-08-01,2023,8,50399.0,4.2303030303030305,None,-1.86,248.3,137.70218579234972,88.93018906519389
PNJ,2023-09-01,2023,9,49335.0,4.2303030303030305,None,-1.86,248.3,134.7950819672131,88.93018906519389
PNJ,2023-10-01,2023,10,45556.0,4.2303030303030305,None,-1.86,248.3,124.46994535519124,88.93018906519389
PNJ,2023-11-01,2023,11,50934.0,4.2303030303030305,None,-1.86,248.3,139.16393442622953,88.93018906519389
PNJ,2023-12-01,2023,12,54414.0,4.2303030303030305,None,-1.86,248.3,148.672131147541,88.93018906519389
PNJ,2024-01-01,2024,1,57894.0,3.568093385214008,None,16.16,-15.65,158.18032786885246,75.00909912986053
PNJ,2024-02-01,2024,2,57198.0,3.568093385214008,None,16.16,-15.65,156.27868852459017,75.00909912986053
PNJ,2024-03-01,2024,3,62947.0,3.568093385214008,None,16.16,-15.65,171.9863387978142,75.00909912986053
PNJ,2024-04-01,2024,4,60465.0,3.568093385214008,None,16.16,-15.65,165.2049180327869,75.00909912986053
PNJ,2024-05-01,2024,5,59765.0,3.568093385214008,None,16.16,-15.65,163.29234972677597,75.00909912986053
PNJ,2024-06-01,2024,6,60783.0,3.568093385214008,None,16.16,-15.65,166.0737704918033,75.00909912986053
PNJ,2024-07-01,2024,7,61801.0,3.568093385214008,None,16.16,-15.65,168.8551912568306,75.00909912986053
PNJ,2024-08-01,2024,8,65047.0,3.568093385214008,None,16.16,-15.65,177.724043715847,75.00909912986053
PNJ,2024-09-01,2024,9,62883.0,3.568093385214008,None,16.16,-15.65,171.81147540983605,75.00909912986053
PNJ,2024-10-01,2024,10,61207.0,3.568093385214008,None,16.16,-15.65,167.23224043715848,75.00909912986053
PNJ,2024-11-01,2024,11,59980.0,3.568093385214008,None,16.16,-15.65,163.87978142076503,75.00909912986053
PNJ,2024-12-01,2024,12,63208.0,3.568093385214008,None,16.16,-15.65,172.69945355191257,75.00909912986053
PNJ,2025-01-01,2025,1,63014.0,3.841698841698842,None,1.33,7.67,172.16939890710384,80.76088211093032
PNJ,2025-02-01,2025,2,61063.0,3.841698841698842,None,1.33,7.67,166.83879781420765,80.76088211093032
PNJ,2025-03-01,2025,3,54112.0,3.841698841698842,None,1.33,7.67,147.84699453551912,80.76088211093032
PNJ,2025-04-01,2025,4,46187.0,3.841698841698842,None,1.33,7.67,126.19398907103825,80.76088211093032
PNJ,2025-05-01,2025,5,53592.0,3.841698841698842,None,1.33,7.67,146.4262295081967,80.76088211093032
PNJ,2025-06-01,2025,6,53982.0,3.841698841698842,None,1.33,7.67,147.4918032786885,80.76088211093032
PNJ,2025-07-01,2025,7,54826.0,3.841698841698842,None,1.33,7.67,149.79781420765028,80.76088211093032
PNJ,2025-08-01,2025,8,55606.0,3.841698841698842,None,1.33,7.67,151.9289617486339,80.76088211093032
PNJ,2025-09-01,2025,9,54871.0,3.841698841698842,None,1.33,7.67,149.9207650273224,80.76088211093032
PNJ,2025-10-01,2025,10,62464.0,3.841698841698842,None,1.33,7.67,170.66666666666669,80.76088211093032
PNJ,2025-11-01,2025,11,60087.0,3.841698841698842,None,1.33,7.67,164.172131147541,80.76088211093032
PNJ,2025-12-01,2025,12,64049.00000000001,3.841698841698842,None,1.33,7.67,174.99726775956285,80.76088211093032
SSI,2020-01-01,2020,1,4645.0,5.830645161290323,None,,,100.0,100.0
SSI,2020-02-01,2020,2,4173.0,5.830645161290323,None,,,89.83853606027988,100.0
SSI,2020-03-01,2020,3,3044.0,5.830645161290323,None,,,65.53283100107643,100.0
SSI,2020-04-01,2020,4,3958.0,5.830645161290323,None,,,85.20990312163616,100.0
SSI,2020-05-01,2020,5,4506.0,5.830645161290323,None,,,97.0075349838536,100.0
SSI,2020-06-01,2020,6,4506.0,5.830645161290323,None,,,97.0075349838536,100.0
SSI,2020-07-01,2020,7,4388.0,5.830645161290323,None,,,94.46716899892358,100.0
SSI,2020-08-01,2020,8,4825.0,5.830645161290323,None,,,103.8751345532831,100.0
SSI,2020-09-01,2020,9,5489.0,5.830645161290323,None,,,118.17007534983854,100.0
SSI,2020-10-01,2020,10,5538.0,5.830645161290323,None,,,119.2249730893434,100.0
SSI,2020-11-01,2020,11,6234.0,5.830645161290323,None,,,134.20882669537139,100.0
SSI,2020-12-01,2020,12,10719.0,5.830645161290323,None,,,230.7642626480086,100.0
SSI,2021-01-01,2021,1,9326.0,5.760869565217392,None,132.83,-1.2,200.7750269106566,98.80329544771183
SSI,2021-02-01,2021,2,10751.0,5.760869565217392,None,132.83,-1.2,231.45317545748117,98.80329544771183
SSI,2021-03-01,2021,3,10282.0,5.760869565217392,None,132.83,-1.2,221.3562970936491,98.80329544771183
SSI,2021-04-01,2021,4,10557.0,5.760869565217392,None,132.83,-1.2,227.27664155005382,98.80329544771183
SSI,2021-05-01,2021,5,14378.0,5.760869565217392,None,132.83,-1.2,309.53713670613564,98.80329544771183
SSI,2021-06-01,2021,6,18154.0,5.760869565217392,None,132.83,-1.2,390.82884822389667,98.80329544771183
SSI,2021-07-01,2021,7,18022.0,5.760869565217392,None,132.83,-1.2,387.98708288482237,98.80329544771183
SSI,2021-08-01,2021,8,20399.0,5.760869565217392,None,132.83,-1.2,439.1603875134553,98.80329544771183
SSI,2021-09-01,2021,9,19585.0,5.760869565217392,None,132.83,-1.2,421.6361679224973,98.80329544771183
SSI,2021-10-01,2021,10,19513.0,5.760869565217392,None,132.83,-1.2,420.0861141011841,98.80329544771183
SSI,2021-11-01,2021,11,26932.0,5.760869565217392,None,132.83,-1.2,579.8062432723358,98.80329544771183
SSI,2021-12-01,2021,12,24957.0,5.760869565217392,None,132.83,-1.2,537.2874058127019,98.80329544771183
SSI,2022-01-01,2022,1,21705.0,5.517985611510792,Trung thực,-62.17,-4.22,467.2766415500538,94.6376508751505
SSI,2022-02-01,2022,2,22018.0,5.517985611510792,Trung thực,-62.17,-4.22,474.0150699677072,94.6376508751505
SSI,2022-03-01,2022,3,20235.0,5.517985611510792,Trung thực,-62.17,-4.22,435.62970936490854,94.6376508751505
SSI,2022-04-01,2022,4,16164.000000000002,5.517985611510792,Trung thực,-62.17,-4.22,347.9870828848224,94.6376508751505
SSI,2022-05-01,2022,5,14285.0,5.517985611510792,Trung thực,-62.17,-4.22,307.53498385360604,94.6376508751505
SSI,2022-06-01,2022,6,10026.0,5.517985611510792,Trung thực,-62.17,-4.22,215.84499461786865,94.6376508751505
SSI,2022-07-01,2022,7,11386.0,5.517985611510792,Trung thực,-62.17,-4.22,245.1237890204521,94.6376508751505
SSI,2022-08-01,2022,8,12799.0,5.517985611510792,Trung thực,-62.17,-4.22,275.54359526372446,94.6376508751505
SSI,2022-09-01,2022,9,10560.0,5.517985611510792,Trung thực,-62.17,-4.22,227.34122712594188,94.6376508751505
SSI,2022-10-01,2022,10,8693.0,5.517985611510792,Trung thực,-62.17,-4.22,187.14747039827773,94.6376508751505
SSI,2022-11-01,2022,11,10266.0,5.517985611510792,Trung thực,-62.17,-4.22,221.01184068891283,94.6376508751505
SSI,2022-12-01,2022,12,9440.0,5.517985611510792,Trung thực,-62.17,-4.22,203.2292787944026,94.6376508751505
SSI,2023-01-01,2023,1,11519.0,6.136,None,92.61,11.2,247.98708288482237,105.23706777316735
SSI,2023-02-01,2023,2,9733.0,6.136,None,92.61,11.2,209.53713670613564,105.23706777316735
SSI,2023-03-01,2023,3,11466.0,6.136,None,92.61,11.2,246.8460710441335,105.23706777316735
SSI,2023-04-01,2023,4,11493.0,6.136,None,92.61,11.2,247.42734122712596,105.23706777316735
SSI,2023-05-01,2023,5,12346.0,6.136,None,92.61,11.2,265.7911733046286,105.23706777316735
SSI,2023-06-01,2023,6,14301.0,6.136,None,92.61,11.2,307.8794402583423,105.23706777316735
SSI,2023-07-01,2023,7,16436.0,6.136,None,92.61,11.2,353.8428417653391,105.23706777316735
SSI,2023-08-01,2023,8,18514.0,6.136,None,92.61,11.2,398.57911733046285,105.23706777316735
SSI,2023-09-01,2023,9,17627.0,6.136,None,92.61,11.2,379.4833153928956,105.23706777316735
SSI,2023-10-01,2023,10,14274.0,6.136,None,92.61,11.2,307.29817007534984,105.23706777316735
SSI,2023-11-01,2023,11,17350.0,6.136,None,92.61,11.2,373.5199138858988,105.23706777316735
SSI,2023-12-01,2023,12,18182.0,6.136,None,92.61,11.2,391.4316469321852,105.23706777316735
SSI,2024-01-01,2024,1,19069.0,4.767772511848341,None,1.73,-22.3,410.5274488697524,81.77092551441139
SSI,2024-02-01,2024,2,20510.0,4.767772511848341,None,1.73,-22.3,441.55005382131327,81.77092551441139
SSI,2024-03-01,2024,3,21341.0,4.767772511848341,None,1.73,-22.3,459.4402583423036,81.77092551441139
SSI,2024-04-01,2024,4,19512.0,4.767772511848341,None,1.73,-22.3,420.06458557588803,81.77092551441139
SSI,2024-05-01,2024,5,19235.0,4.767772511848341,None,1.73,-22.3,414.1011840688913,81.77092551441139
SSI,2024-06-01,2024,6,18819.0,4.767772511848341,None,1.73,-22.3,405.14531754574807,81.77092551441139
SSI,2024-07-01,2024,7,17627.0,4.767772511848341,None,1.73,-22.3,379.4833153928956,81.77092551441139
SSI,2024-08-01,2024,8,18680.0,4.767772511848341,None,1.73,-22.3,402.1528525296017,81.77092551441139
SSI,2024-09-01,2024,9,19810.0,4.767772511848341,None,1.73,-22.3,426.4800861141012,81.77092551441139
SSI,2024-10-01,2024,10,18887.0,4.767772511848341,None,1.73,-22.3,406.6092572658773,81.77092551441139
SSI,2024-11-01,2024,11,17431.0,4.767772511848341,None,1.73,-22.3,375.2637244348762,81.77092551441139
SSI,2024-12-01,2024,12,18496.0,4.767772511848341,None,1.73,-22.3,398.19160387513455,81.77092551441139
SSI,2025-01-01,2025,1,17928.0,1.3625377643504533,None,30.73,-71.42,385.9634015069968,23.368559167283014
SSI,2025-02-01,2025,2,18674.0,1.3625377643504533,None,30.73,-71.42,402.0236813778256,23.368559167283014
SSI,2025-03-01,2025,3,18461.0,1.3625377643504533,None,30.73,-71.42,397.43810548977393,23.368559167283014
SSI,2025-04-01,2025,4,16295.000000000002,1.3625377643504533,None,30.73,-71.42,350.8073196986007,23.368559167283014
SSI,2025-05-01,2025,5,16650.0,1.3625377643504533,None,30.73,-71.42,358.44994617868673,23.368559167283014
SSI,2025-06-01,2025,6,17538.0,1.3625377643504533,None,30.73,-71.42,377.56727664155005,23.368559167283014
SSI,2025-07-01,2025,7,24283.0,1.3625377643504533,None,30.73,-71.42,522.7771797631863,23.368559167283014
SSI,2025-08-01,2025,8,29963.0,1.3625377643504533,None,30.73,-71.42,645.059203444564,23.368559167283014
SSI,2025-09-01,2025,9,28068.0,1.3625377643504533,None,30.73,-71.42,604.2626480086114,23.368559167283014
SSI,2025-10-01,2025,10,24973.0,1.3625377643504533,None,30.73,-71.42,537.6318622174381,23.368559167283014
SSI,2025-11-01,2025,11,23881.0,1.3625377643504533,None,30.73,-71.42,514.1227125941873,23.368559167283014
SSI,2025-12-01,2025,12,24179.0,1.3625377643504533,None,30.73,-71.42,520.5382131324004,23.368559167283014
VCS,2020-01-01,2020,1,42430.0,3.2176470588235295,None,,,100.0,100.0
VCS,2020-02-01,2020,2,44640.0,3.2176470588235295,None,,,105.20857883572943,100.0
VCS,2020-03-01,2020,3,35260.0,3.2176470588235295,None,,,83.10157907141173,100.0
VCS,2020-04-01,2020,4,41447.0,3.2176470588235295,None,,,97.68324298845157,100.0
VCS,2020-05-01,2020,5,44574.0,3.2176470588235295,None,,,105.05302851755833,100.0
VCS,2020-06-01,2020,6,40715.0,3.2176470588235295,None,,,95.95804855055385,100.0
VCS,2020-07-01,2020,7,37389.0,3.2176470588235295,None,,,88.11925524393118,100.0
VCS,2020-08-01,2020,8,42245.0,3.2176470588235295,None,,,99.56398774452039,100.0
VCS,2020-09-01,2020,9,48698.0,3.2176470588235295,None,,,114.77256658024982,100.0
VCS,2020-10-01,2020,10,48100.0,3.2176470588235295,None,,,113.3631864246995,100.0
VCS,2020-11-01,2020,11,52890.0,3.2176470588235295,None,,,124.65236860711761,100.0
VCS,2020-12-01,2020,12,59488.0,3.2176470588235295,None,,,140.20268677822295,100.0
VCS,2021-01-01,2021,1,51165.0,3.3106508875739644,None,39.07,2.89,120.58684892764553,102.8904297783499
VCS,2021-02-01,2021,2,58806.0,3.3106508875739644,None,39.07,2.89,138.59533349045486,102.8904297783499
VCS,2021-03-01,2021,3,66310.0,3.3106508875739644,None,39.07,2.89,156.28093330190902,102.8904297783499
VCS,2021-04-01,2021,4,61398.0,3.3106508875739644,None,39.07,2.89,144.70421871317464,102.8904297783499
VCS,2021-05-01,2021,5,65491.0,3.3106508875739644,None,39.07,2.89,154.35069526278576,102.8904297783499
VCS,2021-06-01,2021,6,75630.0,3.3106508875739644,None,39.07,2.89,178.24652368607116,102.8904297783499
VCS,2021-07-01,2021,7,82512.0,3.3106508875739644,None,39.07,2.89,194.4661795899128,102.8904297783499
VCS,2021-08-01,2021,8,84458.0,3.3106508875739644,None,39.07,2.89,199.05255715295783,102.8904297783499
VCS,2021-09-01,2021,9,89602.0,3.3106508875739644,None,39.07,2.89,211.17605467829367,102.8904297783499
VCS,2021-10-01,2021,10,89185.0,3.3106508875739644,None,39.07,2.89,210.19325948621258,102.8904297783499
VCS,2021-11-01,2021,11,84041.0,3.3106508875739644,None,39.07,2.89,198.06976196087675,102.8904297783499
VCS,2021-12-01,2021,12,82728.0,3.3106508875739644,None,39.07,2.89,194.9752533584728,102.8904297783499
VCS,2022-01-01,2022,1,73677.0,3.6707317073170733,None,-47.46,10.88,173.643648362008,114.08124136085969
VCS,2022-02-01,2022,2,75940.0,3.6707317073170733,None,-47.46,10.88,178.97713881687486,114.08124136085969
VCS,2022-03-01,2022,3,83082.0,3.6707317073170733,None,-47.46,10.88,195.80956870139053,114.08124136085969
VCS,2022-04-01,2022,4,72263.0,3.6707317073170733,None,-47.46,10.88,170.31110063634222,114.08124136085969
VCS,2022-05-01,2022,5,65758.0,3.6707317073170733,None,-47.46,10.88,154.97996700447797,114.08124136085969
VCS,2022-06-01,2022,6,54368.0,3.6707317073170733,None,-47.46,10.88,128.13575300494932,114.08124136085969
VCS,2022-07-01,2022,7,53272.0,3.6707317073170733,None,-47.46,10.88,125.55267499410793,114.08124136085969
VCS,2022-08-01,2022,8,55683.0,3.6707317073170733,None,-47.46,10.88,131.23497525335847,114.08124136085969
VCS,2022-09-01,2022,9,47937.0,3.6707317073170733,None,-47.46,10.88,112.97902427527693,114.08124136085969
VCS,2022-10-01,2022,10,37049.0,3.6707317073170733,None,-47.46,10.88,87.31793542304973,114.08124136085969
VCS,2022-11-01,2022,11,38438.0,3.6707317073170733,None,-47.46,10.88,90.59156257365072,114.08124136085969
VCS,2022-12-01,2022,12,43463.0,3.6707317073170733,None,-47.46,10.88,102.43459816167805,114.08124136085969
VCS,2023-01-01,2023,1,42999.0,3.196629213483146,None,4.77,-12.92,101.34103228847513,99.34679456894602
VCS,2023-02-01,2023,2,38668.0,3.196629213483146,None,4.77,-12.92,91.133631864247,99.34679456894602
VCS,2023-03-01,2023,3,38978.0,3.196629213483146,None,4.77,-12.92,91.86424699505066,99.34679456894602
VCS,2023-04-01,2023,4,38978.0,3.196629213483146,None,4.77,-12.92,91.86424699505066,99.34679456894602
VCS,2023-05-01,2023,5,44005.0,3.196629213483146,None,4.77,-12.92,103.7119962290832,99.34679456894602
VCS,2023-06-01,2023,6,48355.0,3.196629213483146,None,4.77,-12.92,113.9641762903606,99.34679456894602
VCS,2023-07-01,2023,7,50433.0,3.196629213483146,None,4.77,-12.92,118.86165448974782,99.34679456894602
VCS,2023-08-01,2023,8,53950.0,3.196629213483146,None,4.77,-12.92,127.15060098986567,99.34679456894602
VCS,2023-09-01,2023,9,51153.0,3.196629213483146,None,4.77,-12.92,120.55856705161443,99.34679456894602
VCS,2023-10-01,2023,10,40203.0,3.196629213483146,None,4.77,-12.92,94.75135517322649,99.34679456894602
VCS,2023-11-01,2023,11,46197.0,3.196629213483146,None,4.77,-12.92,108.87815225076596,99.34679456894602
VCS,2023-12-01,2023,12,45535.0,3.196629213483146,None,4.77,-12.92,107.31793542304973,99.34679456894602
VCS,2024-01-01,2024,1,48764.0,4.380952380952381,None,22.04,37.05,114.92811689842092,136.1539131191782
VCS,2024-02-01,2024,2,53731.0,4.380952380952381,None,22.04,37.05,126.6344567522979,136.1539131191782
VCS,2024-03-01,2024,3,59692.0,4.380952380952381,None,22.04,37.05,140.6834786707518,136.1539131191782
VCS,2024-04-01,2024,4,52075.0,4.380952380952381,None,22.04,37.05,122.73155786000471,136.1539131191782
VCS,2024-05-01,2024,5,57374.0,4.380952380952381,None,22.04,37.05,135.2203629507424,136.1539131191782
VCS,2024-06-01,2024,6,62335.0,4.380952380952381,None,22.04,37.05,146.91256186660382,136.1539131191782
VCS,2024-07-01,2024,7,57077.0,4.380952380952381,None,22.04,37.05,134.52038651897243,136.1539131191782
VCS,2024-08-01,2024,8,56822.0,4.380952380952381,None,22.04,37.05,133.91939665331134,136.1539131191782
VCS,2024-09-01,2024,9,54872.0,4.380952380952381,None,22.04,37.05,129.32359179825593,136.1539131191782
VCS,2024-10-01,2024,10,53260.0,4.380952380952381,None,22.04,37.05,125.52439311807684,136.1539131191782
VCS,2024-11-01,2024,11,55805.0,4.380952380952381,None,22.04,37.05,131.52250765967474,136.1539131191782
VCS,2024-12-01,2024,12,55571.0,4.380952380952381,None,22.04,37.05,130.9710110770681,136.1539131191782
VCS,2025-01-01,2025,1,52333.0,4.544764795144157,None,-26.98,3.74,123.33961819467359,141.2449753518294
VCS,2025-02-01,2025,2,51370.0,4.544764795144157,None,-26.98,3.74,121.069997643177,141.2449753518294
VCS,2025-03-01,2025,3,50758.0,4.544764795144157,None,-26.98,3.74,119.62762196559038,141.2449753518294
VCS,2025-04-01,2025,4,40694.0,4.544764795144157,None,-26.98,3.74,95.90855526749941,141.2449753518294
VCS,2025-05-01,2025,5,43844.0,4.544764795144157,None,-26.98,3.74,103.3325477256658,141.2449753518294
VCS,2025-06-01,2025,6,43930.0,4.544764795144157,None,-26.98,3.74,103.53523450388874,141.2449753518294
VCS,2025-07-01,2025,7,44659.0,4.544764795144157,None,-26.98,3.74,105.2533584727787,141.2449753518294
VCS,2025-08-01,2025,8,44477.0,4.544764795144157,None,-26.98,3.74,104.82441668630686,141.2449753518294
VCS,2025-09-01,2025,9,43930.0,4.544764795144157,None,-26.98,3.74,103.53523450388874,141.2449753518294
VCS,2025-10-01,2025,10,43748.0,4.544764795144157,None,-26.98,3.74,103.10629271741692,141.2449753518294
VCS,2025-11-01,2025,11,42654.0,4.544764795144157,None,-26.98,3.74,100.52792835258073,141.2449753518294
VCS,2025-12-01,2025,12,40579.0,4.544764795144157,None,-26.98,3.74,95.63752062220128,141.2449753518294
VNM,2020-01-01,2020,1,64087.0,5.216138328530259,None,,,100.0,100.0
VNM,2020-02-01,2020,2,61724.0,5.216138328530259,None,,,96.31282475385024,100.0
VNM,2020-03-01,2020,3,53750.0,5.216138328530259,None,,,83.87036372431226,100.0
VNM,2020-04-01,2020,4,58475.0,5.216138328530259,None,,,91.2431538377518,100.0
VNM,2020-05-01,2020,5,67926.0,5.216138328530259,None,,,105.99029444349088,100.0
VNM,2020-06-01,2020,6,67437.0,5.216138328530259,None,,,105.22726918095712,100.0
VNM,2020-07-01,2020,7,64027.0,5.216138328530259,None,,,99.90637726840077,100.0
VNM,2020-08-01,2020,8,72404.0,5.216138328530259,None,,,112.97767097851359,100.0
VNM,2020-09-01,2020,9,79439.0,5.216138328530259,None,,,123.95493625852356,100.0
VNM,2020-10-01,2020,10,78782.0,5.216138328530259,None,,,122.92976734751197,100.0
VNM,2020-11-01,2020,11,78928.0,5.216138328530259,None,,,123.15758266107011,100.0
VNM,2020-12-01,2020,12,79366.0,5.216138328530259,None,,,123.84102860174451,100.0
VNM,2021-01-01,2021,1,75678.0,4.3470715835141,Trung thực,-17.46,-16.66,118.0863513661117,83.33888615908248
VNM,2021-02-01,2021,2,77150.0,4.3470715835141,Trung thực,-17.46,-16.66,120.38322904801286,83.33888615908248
VNM,2021-03-01,2021,3,72439.0,4.3470715835141,Trung thực,-17.46,-16.66,113.03228423861313,83.33888615908248
VNM,2021-04-01,2021,4,68831.0,4.3470715835141,Trung thực,-17.46,-16.66,107.4024373117793,83.33888615908248
VNM,2021-05-01,2021,5,66623.0,4.3470715835141,Trung thực,-17.46,-16.66,103.95712078892755,83.33888615908248
VNM,2021-06-01,2021,6,67378.0,4.3470715835141,Trung thực,-17.46,-16.66,105.13520682821789,83.33888615908248
VNM,2021-07-01,2021,7,64173.0,4.3470715835141,Trung thực,-17.46,-16.66,100.1341925819589,83.33888615908248
VNM,2021-08-01,2021,8,65141.99999999999,4.3470715835141,Trung thực,-17.46,-16.66,101.6461996972865,83.33888615908248
VNM,2021-09-01,2021,9,67937.0,4.3470715835141,Trung thực,-17.46,-16.66,106.00745861095074,83.33888615908248
VNM,2021-10-01,2021,10,68771.0,4.3470715835141,Trung thực,-17.46,-16.66,107.30881458018007,83.33888615908248
VNM,2021-11-01,2021,11,66420.0,4.3470715835141,Trung thực,-17.46,-16.66,103.64036388035014,83.33888615908248
VNM,2021-12-01,2021,12,65510.00000000001,4.3470715835141,Trung thực,-17.46,-16.66,102.22041911776181,83.33888615908248
VNM,2022-01-01,2022,1,64059.0,4.71976401179941,None,-5.76,8.57,99.95630939192036,90.48387359637545
VNM,2022-02-01,2022,2,60436.0,4.71976401179941,None,-5.76,8.57,94.30305678218672,90.48387359637545
VNM,2022-03-01,2022,3,62363.0,4.71976401179941,None,-5.76,8.57,97.30990684538206,90.48387359637545
VNM,2022-04-01,2022,4,57198.0,4.71976401179941,None,-5.76,8.57,89.25055003354815,90.48387359637545
VNM,2022-05-01,2022,5,55271.0,4.71976401179941,None,-5.76,8.57,86.24369997035281,90.48387359637545
VNM,2022-06-01,2022,6,55656.0,4.71976401179941,None,-5.76,8.57,86.84444583144789,90.48387359637545
VNM,2022-07-01,2022,7,58022.0,4.71976401179941,None,-5.76,8.57,90.5363022141776,90.48387359637545
VNM,2022-08-01,2022,8,60174.0,4.71976401179941,None,-5.76,8.57,93.89423752087008,90.48387359637545
VNM,2022-09-01,2022,9,57623.0,4.71976401179941,None,-5.76,8.57,89.91371104904272,90.48387359637545
VNM,2022-10-01,2022,10,62565.0,4.71976401179941,None,-5.76,8.57,97.62510337509947,90.48387359637545
VNM,2022-11-01,2022,11,65992.0,4.71976401179941,None,-5.76,8.57,102.97252172827562,90.48387359637545
VNM,2022-12-01,2022,12,61739.0,4.71976401179941,None,-5.76,8.57,96.33623043675004,90.48387359637545
VNM,2023-01-01,2023,1,62550.0,5.427230046948357,None,-7.53,14.99,97.60169769219966,104.04689648017016
VNM,2023-02-01,2023,2,61252.0,5.427230046948357,None,-7.53,14.99,95.57632593193628,104.04689648017016
VNM,2023-03-01,2023,3,60359.0,5.427230046948357,None,-7.53,14.99,94.1829076099677,104.04689648017016
VNM,2023-04-01,2023,4,56790.0,5.427230046948357,None,-7.53,14.99,88.61391545867336,104.04689648017016
VNM,2023-05-01,2023,5,53626.0,5.427230046948357,None,-7.53,14.99,83.67687674567385,104.04689648017016
VNM,2023-06-01,2023,6,57601.0,5.427230046948357,None,-7.53,14.99,89.879382714123,104.04689648017016
VNM,2023-07-01,2023,7,63280.0,5.427230046948357,None,-7.53,14.99,98.74077425999033,104.04689648017016
VNM,2023-08-01,2023,8,65218.0,5.427230046948357,None,-7.53,14.99,101.76478849064551,104.04689648017016
VNM,2023-09-01,2023,9,62200.0,5.427230046948357,None,-7.53,14.99,97.05556509120414,104.04689648017016
VNM,2023-10-01,2023,10,57003.0,5.427230046948357,None,-7.53,14.99,88.94627615585064,104.04689648017016
VNM,2023-11-01,2023,11,56500.0,5.427230046948357,None,-7.53,14.99,88.16140558927708,104.04689648017016
VNM,2023-12-01,2023,12,57090.0,5.427230046948357,None,-7.53,14.99,89.08202911666953,104.04689648017016
VNM,2024-01-01,2024,1,56583.0,6.055555555555555,None,-0.92,11.58,88.29091703465602,116.09269490484961
VNM,2024-02-01,2024,2,60806.0,6.055555555555555,None,-0.92,11.58,94.88039696038199,116.09269490484961
VNM,2024-03-01,2024,3,57830.0,6.055555555555555,None,-0.92,11.58,90.23670947306006,116.09269490484961
VNM,2024-04-01,2024,4,55606.0,6.055555555555555,None,-0.92,11.58,86.7664268884485,116.09269490484961
VNM,2024-05-01,2024,5,55948.0,6.055555555555555,None,-0.92,11.58,87.30007645856413,116.09269490484961
VNM,2024-06-01,2024,6,56034.0,6.055555555555555,None,-0.92,11.58,87.43426904052303,116.09269490484961
VNM,2024-07-01,2024,7,61252.0,6.055555555555555,None,-0.92,11.58,95.57632593193628,116.09269490484961
VNM,2024-08-01,2024,8,63220.0,6.055555555555555,None,-0.92,11.58,98.64715152839109,116.09269490484961
VNM,2024-09-01,2024,9,62054.0,6.055555555555555,None,-0.92,11.58,96.827749777646,116.09269490484961
VNM,2024-10-01,2024,10,58513.0,6.055555555555555,None,-0.92,11.58,91.30244823443132,116.09269490484961
VNM,2024-11-01,2024,11,57185.0,6.055555555555555,None,-0.92,11.58,89.23026510836831,116.09269490484961
VNM,2024-12-01,2024,12,56564.0,6.055555555555555,None,-0.92,11.58,88.26126983631626,116.09269490484961
VNM,2025-01-01,2025,1,55493.0,6.538135593220339,None,4.77,7.97,86.59010407726996,125.34436745013579
VNM,2025-02-01,2025,2,55493.0,6.538135593220339,None,4.77,7.97,86.59010407726996,125.34436745013579
VNM,2025-03-01,2025,3,54066.0,6.538135593220339,None,4.77,7.97,84.36344344406822,125.34436745013579
VNM,2025-04-01,2025,4,51389.0,6.538135593220339,None,4.77,7.97,80.18630923588248,125.34436745013579
VNM,2025-05-01,2025,5,50778.0,6.538135593220339,None,4.77,7.97,79.23291775243028,125.34436745013579
VNM,2025-06-01,2025,6,53645.0,6.538135593220339,None,4.77,7.97,83.70652394401361,125.34436745013579
VNM,2025-07-01,2025,7,56605.0,6.538135593220339,None,4.77,7.97,88.32524536957574,125.34436745013579
VNM,2025-08-01,2025,8,55773.0,6.538135593220339,None,4.77,7.97,87.02701015806637,125.34436745013579
VNM,2025-09-01,2025,9,55495.0,6.538135593220339,None,4.77,7.97,86.59322483498994,125.34436745013579
VNM,2025-10-01,2025,10,55774.0,6.538135593220339,None,4.77,7.97,87.02857053692637,125.34436745013579
VNM,2025-11-01,2025,11,61971.0,6.538135593220339,None,4.77,7.97,96.69823833226707,125.34436745013579
VNM,2025-12-01,2025,12,59260.0,6.538135593220339,None,4.77,7.97,92.46805124284177,125.34436745013579
