company,date,year,month,close
BVH,2020-01-01,2020,1,50164.0
BVH,2020-02-01,2020,2,46837.0
BVH,2020-03-01,2020,3,31566.0
BVH,2020-04-01,2020,4,39414.0
BVH,2020-05-01,2020,5,42614.0
BVH,2020-06-01,2020,6,38817.0
BVH,2020-07-01,2020,7,34466.0
BVH,2020-08-01,2020,8,42571.0
BVH,2020-09-01,2020,9,41547.0
BVH,2020-10-01,2020,10,43712.0
BVH,2020-11-01,2020,11,47608.0
BVH,2020-12-01,2020,12,57129.0
BVH,2021-01-01,2021,1,48906.0
BVH,2021-02-01,2021,2,51156.0
BVH,2021-03-01,2021,3,51589.0
BVH,2021-04-01,2021,4,49598.0
BVH,2021-05-01,2021,5,46829.0
BVH,2021-06-01,2021,6,50551.0
BVH,2021-07-01,2021,7,44232.0
BVH,2021-08-01,2021,8,49339.0
BVH,2021-09-01,2021,9,50551.0
BVH,2021-10-01,2021,10,56004.0
BVH,2021-11-01,2021,11,53551.0
BVH,2021-12-01,2021,12,49161.0
BVH,2022-01-01,2022,1,47757.0
BVH,2022-02-01,2022,2,51883.0
BVH,2022-03-01,2022,3,53990.0
BVH,2022-04-01,2022,4,54517.0
BVH,2022-05-01,2022,5,46177.0
BVH,2022-06-01,2022,6,46089.0
BVH,2022-07-01,2022,7,50742.0
BVH,2022-08-01,2022,8,51356.0
BVH,2022-09-01,2022,9,46967.0
BVH,2022-10-01,2022,10,46089.0
BVH,2022-11-01,2022,11,45350.0
BVH,2022-12-01,2022,12,43618.0
BVH,2023-01-01,2023,1,47175.0
BVH,2023-02-01,2023,2,45396.0
BVH,2023-03-01,2023,3,45350.0
BVH,2023-04-01,2023,4,42027.0
BVH,2023-05-01,2023,5,40716.0
BVH,2023-06-01,2023,6,41278.0
BVH,2023-07-01,2023,7,45069.0
BVH,2023-08-01,2023,8,42308.0
BVH,2023-09-01,2023,9,39453.0
BVH,2023-10-01,2023,10,36411.0
BVH,2023-11-01,2023,11,37390.0
BVH,2023-12-01,2023,12,37870.0
BVH,2024-01-01,2024,1,38829.0
BVH,2024-02-01,2024,2,41130.0
BVH,2024-03-01,2024,3,40986.0
BVH,2024-04-01,2024,4,37822.0
BVH,2024-05-01,2024,5,42999.0
BVH,2024-06-01,2024,6,44102.0
BVH,2024-07-01,2024,7,41801.0
BVH,2024-08-01,2024,8,43622.0
BVH,2024-09-01,2024,9,41082.0
BVH,2024-10-01,2024,10,41225.0
BVH,2024-11-01,2024,11,46607.0
BVH,2024-12-01,2024,12,49747.0
BVH,2025-01-01,2025,1,49845.0
BVH,2025-02-01,2025,2,55536.0
BVH,2025-03-01,2025,3,52298.0
BVH,2025-04-01,2025,4,45086.0
BVH,2025-05-01,2025,5,49649.0
BVH,2025-06-01,2025,6,52102.0
BVH,2025-07-01,2025,7,48324.0
BVH,2025-08-01,2025,8,57793.0
BVH,2025-09-01,2025,9,54260.0
BVH,2025-10-01,2025,10,49845.0
BVH,2025-11-01,2025,11,52100.0
BVH,2025-12-01,2025,12,56800.0
PAN,2020-01-01,2020,1,15963.0
PAN,2020-02-01,2020,2,14782.0
PAN,2020-03-01,2020,3,13958.0
PAN,2020-04-01,2020,4,16464.0
PAN,2020-05-01,2020,5,15748.0
PAN,2020-06-01,2020,6,14209.0
PAN,2020-07-01,2020,7,12563.0
PAN,2020-08-01,2020,8,14817.0
PAN,2020-09-01,2020,9,14567.0
PAN,2020-10-01,2020,10,13243.0
PAN,2020-11-01,2020,11,14746.0
PAN,2020-12-01,2020,12,24839.0
PAN,2021-01-01,2021,1,18253.0
PAN,2021-02-01,2021,2,19731.0
PAN,2021-03-01,2021,3,20682.0
PAN,2021-04-01,2021,4,18635.0
PAN,2021-05-01,2021,5,18928.0
PAN,2021-06-01,2021,6,19805.0
PAN,2021-07-01,2021,7,18855.0
PAN,2021-08-01,2021,8,20608.0
PAN,2021-09-01,2021,9,20462.0
PAN,2021-10-01,2021,10,23678.0
PAN,2021-11-01,2021,11,29524.0
PAN,2021-12-01,2021,12,28136.0
PAN,2022-01-01,2022,1,21193.0
PAN,2022-02-01,2022,2,24080.0
PAN,2022-03-01,2022,3,23203.0
PAN,2022-04-01,2022,4,18708.0
PAN,2022-05-01,2022,5,16699.0
PAN,2022-06-01,2022,6,15127.0
PAN,2022-07-01,2022,7,16699.0
PAN,2022-08-01,2022,8,18562.0
PAN,2022-09-01,2022,9,16297.0
PAN,2022-10-01,2022,10,13300.0
PAN,2022-11-01,2022,11,11327.0
PAN,2022-12-01,2022,12,10925.0
PAN,2023-01-01,2023,1,12716.0
PAN,2023-02-01,2023,2,11400.0
PAN,2023-03-01,2023,3,12204.0
PAN,2023-04-01,2023,4,13593.0
PAN,2023-05-01,2023,5,13447.0
PAN,2023-06-01,2023,6,14397.0
PAN,2023-07-01,2023,7,16954.0
PAN,2023-08-01,2023,8,16041.0
PAN,2023-09-01,2023,9,14872.0
PAN,2023-10-01,2023,10,12789.0
PAN,2023-11-01,2023,11,13885.0
PAN,2023-12-01,2023,12,14762.0
PAN,2024-01-01,2024,1,15456.0
PAN,2024-02-01,2024,2,17137.0
PAN,2024-03-01,2024,3,18160.0
PAN,2024-04-01,2024,4,15566.0
PAN,2024-05-01,2024,5,17137.0
PAN,2024-06-01,2024,6,17910.0
PAN,2024-07-01,2024,7,17052.0
PAN,2024-08-01,2024,8,17052.0
PAN,2024-09-01,2024,9,17611.0
PAN,2024-10-01,2024,10,18246.0
PAN,2024-11-01,2024,11,16977.0
PAN,2024-12-01,2024,12,17723.0
PAN,2025-01-01,2025,1,18731.0
PAN,2025-02-01,2025,2,21081.0
PAN,2025-03-01,2025,3,19999.0
PAN,2025-04-01,2025,4,17052.0
PAN,2025-05-01,2025,5,20298.0
PAN,2025-06-01,2025,6,20746.0
PAN,2025-07-01,2025,7,25372.0
PAN,2025-08-01,2025,8,25067.0
PAN,2025-09-01,2025,9,23893.0
PAN,2025-10-01,2025,10,23628.0
PAN,2025-11-01,2025,11,20901.0
PAN,2025-12-01,2025,12,20674.0
PLX,2020-01-01,2020,1,40980.0
PLX,2020-02-01,2020,2,39898.0
PLX,2020-03-01,2020,3,29727.0
PLX,2020-04-01,2020,4,32821.0
PLX,2020-05-01,2020,5,37586.0
PLX,2020-06-01,2020,6,36242.0
PLX,2020-07-01,2020,7,34369.0
PLX,2020-08-01,2020,8,42757.0
PLX,2020-09-01,2020,9,41755.0
PLX,2020-10-01,2020,10,40676.0
PLX,2020-11-01,2020,11,42170.0
PLX,2020-12-01,2020,12,45324.0
PLX,2021-01-01,2021,1,40676.0
PLX,2021-02-01,2021,2,48313.0
PLX,2021-03-01,2021,3,45739.0
PLX,2021-04-01,2021,4,41755.0
PLX,2021-05-01,2021,5,45324.0
PLX,2021-06-01,2021,6,46442.0
PLX,2021-07-01,2021,7,43476.0
PLX,2021-08-01,2021,8,42120.0
PLX,2021-09-01,2021,9,43730.0
PLX,2021-10-01,2021,10,45849.0
PLX,2021-11-01,2021,11,45849.0
PLX,2021-12-01,2021,12,45680.0
PLX,2022-01-01,2022,1,47544.0
PLX,2022-02-01,2022,2,52799.0
PLX,2022-03-01,2022,3,46781.0
PLX,2022-04-01,2022,4,40679.0
PLX,2022-05-01,2022,5,37290.0
PLX,2022-06-01,2022,6,34154.0
PLX,2022-07-01,2022,7,34832.0
PLX,2022-08-01,2022,8,35764.0
PLX,2022-09-01,2022,9,27882.0
PLX,2022-10-01,2022,10,24153.0
PLX,2022-11-01,2022,11,26062.0
PLX,2022-12-01,2022,12,28005.0
PLX,2023-01-01,2023,1,32511.000000000004
PLX,2023-02-01,2023,2,32953.0
PLX,2023-03-01,2023,3,33085.0
PLX,2023-04-01,2023,4,33085.0
PLX,2023-05-01,2023,5,33129.0
PLX,2023-06-01,2023,6,32997.0
PLX,2023-07-01,2023,7,36663.0
PLX,2023-08-01,2023,8,34057.0
PLX,2023-09-01,2023,9,33712.0
PLX,2023-10-01,2023,10,28678.0
PLX,2023-11-01,2023,11,31555.0
PLX,2023-12-01,2023,12,31015.0
PLX,2024-01-01,2024,1,31105.0
PLX,2024-02-01,2024,2,32229.0
PLX,2024-03-01,2024,3,33533.0
PLX,2024-04-01,2024,4,32094.0
PLX,2024-05-01,2024,5,38299.0
PLX,2024-06-01,2024,6,38206.0
PLX,2024-07-01,2024,7,42876.0
PLX,2024-08-01,2024,8,45398.0
PLX,2024-09-01,2024,9,41568.0
PLX,2024-10-01,2024,10,38392.0
PLX,2024-11-01,2024,11,37365.0
PLX,2024-12-01,2024,12,35030.0
PLX,2025-01-01,2025,1,36898.0
PLX,2025-02-01,2025,2,40681.0
PLX,2025-03-01,2025,3,36944.0
PLX,2025-04-01,2025,4,31667.0
PLX,2025-05-01,2025,5,32226.999999999996
PLX,2025-06-01,2025,6,35961.0
PLX,2025-07-01,2025,7,34996.0
PLX,2025-08-01,2025,8,34851.0
PLX,2025-09-01,2025,9,33017.0
PLX,2025-10-01,2025,10,33355.0
PLX,2025-11-01,2025,11,32726.999999999996
PLX,2025-12-01,2025,12,34079.0
PNJ,2020-01-01,2020,1,36600.0
PNJ,2020-02-01,2020,2,35471.0
PNJ,2020-03-01,2020,3,20362.0
PNJ,2020-04-01,2020,4,25241.0
PNJ,2020-05-01,2020,5,27992.0
PNJ,2020-06-01,2020,6,25463.0
PNJ,2020-07-01,2020,7,22890.0
PNJ,2020-08-01,2020,8,26616.0
PNJ,2020-09-01,2020,9,27016.0
PNJ,2020-10-01,2020,10,30831.0
PNJ,2020-11-01,2020,11,34557.0
PNJ,2020-12-01,2020,12,36207.0
PNJ,2021-01-01,2021,1,37146.0
PNJ,2021-02-01,2021,2,37951.0
PNJ,2021-03-01,2021,3,38138.0
PNJ,2021-04-01,2021,4,44231.0
PNJ,2021-05-01,2021,5,45540.0
PNJ,2021-06-01,2021,6,45179.0
PNJ,2021-07-01,2021,7,43238.0
PNJ,2021-08-01,2021,8,38815.0
PNJ,2021-09-01,2021,9,44547.0
PNJ,2021-10-01,2021,10,46939.0
PNJ,2021-11-01,2021,11,44186.0
PNJ,2021-12-01,2021,12,43690.0
PNJ,2022-01-01,2022,1,47232.0
PNJ,2022-02-01,2022,2,46778.0
PNJ,2022-03-01,2022,3,50467.0
PNJ,2022-04-01,2022,4,49325.0
PNJ,2022-05-01,2022,5,52476.0
PNJ,2022-06-01,2022,6,58994.0
PNJ,2022-07-01,2022,7,52337.0
PNJ,2022-08-01,2022,8,52705.0
PNJ,2022-09-01,2022,9,49124.0
PNJ,2022-10-01,2022,10,47793.0
PNJ,2022-11-01,2022,11,52512.0
PNJ,2022-12-01,2022,12,55443.0
PNJ,2023-01-01,2023,1,56003.0
PNJ,2023-02-01,2023,2,47745.0
PNJ,2023-03-01,2023,3,48242.0
PNJ,2023-04-01,2023,4,47808.0
PNJ,2023-05-01,2023,5,44020.0
PNJ,2023-06-01,2023,6,46956.0
PNJ,2023-07-01,2023,7,51964.0
PNJ,2023-08-01,2023,8,50399.0
PNJ,2023-09-01,2023,9,49335.0
PNJ,2023-10-01,2023,10,45556.0
PNJ,2023-11-01,2023,11,50934.0
PNJ,2023-12-01,2023,12,54414.0
PNJ,2024-01-01,2024,1,57894.0
PNJ,2024-02-01,2024,2,57198.0
PNJ,2024-03-01,2024,3,62947.0
PNJ,2024-04-01,2024,4,60465.0
PNJ,2024-05-01,2024,5,59765.0
PNJ,2024-06-01,2024,6,60783.0
PNJ,2024-07-01,2024,7,61801.0
PNJ,2024-08-01,2024,8,65047.0
PNJ,2024-09-01,2024,9,62883.0
PNJ,2024-10-01,2024,10,61207.0
PNJ,2024-11-01,2024,11,59980.0
PNJ,2024-12-01,2024,12,63208.0
PNJ,2025-01-01,2025,1,63014.0
PNJ,2025-02-01,2025,2,61063.0
PNJ,2025-03-01,2025,3,54112.0
PNJ,2025-04-01,2025,4,46187.0
PNJ,2025-05-01,2025,5,53592.0
PNJ,2025-06-01,2025,6,53982.0
PNJ,2025-07-01,2025,7,54826.0
PNJ,2025-08-01,2025,8,55606.0
PNJ,2025-09-01,2025,9,54871.0
PNJ,2025-10-01,2025,10,62464.0
PNJ,2025-11-01,2025,11,60087.0
PNJ,2025-12-01,2025,12,64049.00000000001
SSI,2020-01-01,2020,1,4645.0
SSI,2020-02-01,2020,2,4173.0
SSI,2020-03-01,2020,3,3044.0
SSI,2020-04-01,2020,4,3958.0
SSI,2020-05-01,2020,5,4506.0
SSI,2020-06-01,2020,6,4506.0
SSI,2020-07-01,2020,7,4388.0
SSI,2020-08-01,2020,8,4825.0
SSI,2020-09-01,2020,9,5489.0
SSI,2020-10-01,2020,10,5538.0
SSI,2020-11-01,2020,11,6234.0
SSI,2020-12-01,2020,12,10719.0
SSI,2021-01-01,2021,1,9326.0
SSI,2021-02-01,2021,2,10751.0
SSI,2021-03-01,2021,3,10282.0
SSI,2021-04-01,2021,4,10557.0
SSI,2021-05-01,2021,5,14378.0
SSI,2021-06-01,2021,6,18154.0
SSI,2021-07-01,2021,7,18022.0
SSI,2021-08-01,2021,8,20399.0
SSI,2021-09-01,2021,9,19585.0
SSI,2021-10-01,2021,10,19513.0
SSI,2021-11-01,2021,11,26932.0
SSI,2021-12-01,2021,12,24957.0
SSI,2022-01-01,2022,1,21705.0
SSI,2022-02-01,2022,2,22018.0
SSI,2022-03-01,2022,3,20235.0
SSI,2022-04-01,2022,4,16164.000000000002
SSI,2022-05-01,2022,5,14285.0
SSI,2022-06-01,2022,6,10026.0
SSI,2022-07-01,2022,7,11386.0
SSI,2022-08-01,2022,8,12799.0
SSI,2022-09-01,2022,9,10560.0
SSI,2022-10-01,2022,10,8693.0
SSI,2022-11-01,2022,11,10266.0
SSI,2022-12-01,2022,12,9440.0
SSI,2023-01-01,2023,1,11519.0
SSI,2023-02-01,2023,2,9733.0
SSI,2023-03-01,2023,3,11466.0
SSI,2023-04-01,2023,4,11493.0
SSI,2023-05-01,2023,5,12346.0
SSI,2023-06-01,2023,6,14301.0
SSI,2023-07-01,2023,7,16436.0
SSI,2023-08-01,2023,8,18514.0
SSI,2023-09-01,2023,9,17627.0
SSI,2023-10-01,2023,10,14274.0
SSI,2023-11-01,2023,11,17350.0
SSI,2023-12-01,2023,12,18182.0
SSI,2024-01-01,2024,1,19069.0
SSI,2024-02-01,2024,2,20510.0
SSI,2024-03-01,2024,3,21341.0
SSI,2024-04-01,2024,4,19512.0
SSI,2024-05-01,2024,5,19235.0
SSI,2024-06-01,2024,6,18819.0
SSI,2024-07-01,2024,7,17627.0
SSI,2024-08-01,2024,8,18680.0
SSI,2024-09-01,2024,9,19810.0
SSI,2024-10-01,2024,10,18887.0
SSI,2024-11-01,2024,11,17431.0
SSI,2024-12-01,2024,12,18496.0
SSI,2025-01-01,2025,1,17928.0
SSI,2025-02-01,2025,2,18674.0
SSI,2025-03-01,2025,3,18461.0
SSI,2025-04-01,2025,4,16295.000000000002
SSI,2025-05-01,2025,5,16650.0
SSI,2025-06-01,2025,6,17538.0
SSI,2025-07-01,2025,7,24283.0
SSI,2025-08-01,2025,8,29963.0
SSI,2025-09-01,2025,9,28068.0
SSI,2025-10-01,2025,10,24973.0
SSI,2025-11-01,2025,11,23881.0
SSI,2025-12-01,2025,12,24179.0
VCS,2020-01-01,2020,1,42430.0
VCS,2020-02-01,2020,2,44640.0
VCS,2020-03-01,2020,3,35260.0
VCS,2020-04-01,2020,4,41447.0
VCS,2020-05-01,2020,5,44574.0
VCS,2020-06-01,2020,6,40715.0
VCS,2020-07-01,2020,7,37389.0
VCS,2020-08-01,2020,8,42245.0
VCS,2020-09-01,2020,9,48698.0
VCS,2020-10-01,2020,10,48100.0
VCS,2020-11-01,2020,11,52890.0
VCS,2020-12-01,2020,12,59488.0
VCS,2021-01-01,2021,1,51165.0
VCS,2021-02-01,2021,2,58806.0
VCS,2021-03-01,2021,3,66310.0
VCS,2021-04-01,2021,4,61398.0
VCS,2021-05-01,2021,5,65491.0
VCS,2021-06-01,2021,6,75630.0
VCS,2021-07-01,2021,7,82512.0
VCS,2021-08-01,2021,8,84458.0
VCS,2021-09-01,2021,9,89602.0
VCS,2021-10-01,2021,10,89185.0
VCS,2021-11-01,2021,11,84041.0
VCS,2021-12-01,2021,12,82728.0
VCS,2022-01-01,2022,1,73677.0
VCS,2022-02-01,2022,2,75940.0
VCS,2022-03-01,2022,3,83082.0
VCS,2022-04-01,2022,4,72263.0
VCS,2022-05-01,2022,5,65758.0
VCS,2022-06-01,2022,6,54368.0
VCS,2022-07-01,2022,7,53272.0
VCS,2022-08-01,2022,8,55683.0
VCS,2022-09-01,2022,9,47937.0
VCS,2022-10-01,2022,10,37049.0
VCS,2022-11-01,2022,11,38438.0
VCS,2022-12-01,2022,12,43463.0
VCS,2023-01-01,2023,1,42999.0
VCS,2023-02-01,2023,2,38668.0
VCS,2023-03-01,2023,3,38978.0
VCS,2023-04-01,2023,4,38978.0
VCS,2023-05-01,2023,5,44005.0
VCS,2023-06-01,2023,6,48355.0
VCS,2023-07-01,2023,7,50433.0
VCS,2023-08-01,2023,8,53950.0
VCS,2023-09-01,2023,9,51153.0
VCS,2023-10-01,2023,10,40203.0
VCS,2023-11-01,2023,11,46197.0
VCS,2023-12-01,2023,12,45535.0
VCS,2024-01-01,2024,1,48764.0
VCS,2024-02-01,2024,2,53731.0
VCS,2024-03-01,2024,3,59692.0
VCS,2024-04-01,2024,4,52075.0
VCS,2024-05-01,2024,5,57374.0
VCS,2024-06-01,2024,6,62335.0
VCS,2024-07-01,2024,7,57077.0
VCS,2024-08-01,2024,8,56822.0
VCS,2024-09-01,2024,9,54872.0
VCS,2024-10-01,2024,10,53260.0
VCS,2024-11-01,2024,11,55805.0
VCS,2024-12-01,2024,12,55571.0
VCS,2025-01-01,2025,1,52333.0
VCS,2025-02-01,2025,2,51370.0
VCS,2025-03-01,2025,3,50758.0
VCS,2025-04-01,2025,4,40694.0
VCS,2025-05-01,2025,5,43844.0
VCS,2025-06-01,2025,6,43930.0
VCS,2025-07-01,2025,7,44659.0
VCS,2025-08-01,2025,8,44477.0
VCS,2025-09-01,2025,9,43930.0
VCS,2025-10-01,2025,10,43748.0
VCS,2025-11-01,2025,11,42654.0
VCS,2025-12-01,2025,12,40579.0
VNM,2020-01-01,2020,1,64087.0
VNM,2020-02-01,2020,2,61724.0
VNM,2020-03-01,2020,3,53750.0
VNM,2020-04-01,2020,4,58475.0
VNM,2020-05-01,2020,5,67926.0
VNM,2020-06-01,2020,6,67437.0
VNM,2020-07-01,2020,7,64027.0
VNM,2020-08-01,2020,8,72404.0
VNM,2020-09-01,2020,9,79439.0
VNM,2020-10-01,2020,10,78782.0
VNM,2020-11-01,2020,11,78928.0
VNM,2020-12-01,2020,12,79366.0
VNM,2021-01-01,2021,1,75678.0
VNM,2021-02-01,2021,2,77150.0
VNM,2021-03-01,2021,3,72439.0
VNM,2021-04-01,2021,4,68831.0
VNM,2021-05-01,2021,5,66623.0
VNM,2021-06-01,2021,6,67378.0
VNM,2021-07-01,2021,7,64173.0
VNM,2021-08-01,2021,8,65141.99999999999
VNM,2021-09-01,2021,9,67937.0
VNM,2021-10-01,2021,10,68771.0
VNM,2021-11-01,2021,11,66420.0
VNM,2021-12-01,2021,12,65510.00000000001
VNM,2022-01-01,2022,1,64059.0
VNM,2022-02-01,2022,2,60436.0
VNM,2022-03-01,2022,3,62363.0
VNM,2022-04-01,2022,4,57198.0
VNM,2022-05-01,2022,5,55271.0
VNM,2022-06-01,2022,6,55656.0
VNM,2022-07-01,2022,7,58022.0
VNM,2022-08-01,2022,8,60174.0
VNM,2022-09-01,2022,9,57623.0
VNM,2022-10-01,2022,10,62565.0
VNM,2022-11-01,2022,11,65992.0
VNM,2022-12-01,2022,12,61739.0
VNM,2023-01-01,2023,1,62550.0
VNM,2023-02-01,2023,2,61252.0
VNM,2023-03-01,2023,3,60359.0
VNM,2023-04-01,2023,4,56790.0
VNM,2023-05-01,2023,5,53626.0
VNM,2023-06-01,2023,6,57601.0
VNM,2023-07-01,2023,7,63280.0
VNM,2023-08-01,2023,8,65218.0
VNM,2023-09-01,2023,9,62200.0
VNM,2023-10-01,2023,10,57003.0
VNM,2023-11-01,2023,11,56500.0
VNM,2023-12-01,2023,12,57090.0
VNM,2024-01-01,2024,1,56583.0
VNM,2024-02-01,2024,2,60806.0
VNM,2024-03-01,2024,3,57830.0
VNM,2024-04-01,2024,4,55606.0
VNM,2024-05-01,2024,5,55948.0
VNM,2024-06-01,2024,6,56034.0
VNM,2024-07-01,2024,7,61252.0
VNM,2024-08-01,2024,8,63220.0
VNM,2024-09-01,2024,9,62054.0
VNM,2024-10-01,2024,10,58513.0
VNM,2024-11-01,2024,11,57185.0
VNM,2024-12-01,2024,12,56564.0
VNM,2025-01-01,2025,1,55493.0
VNM,2025-02-01,2025,2,55493.0
VNM,2025-03-01,2025,3,54066.0
VNM,2025-04-01,2025,4,51389.0
VNM,2025-05-01,2025,5,50778.0
VNM,2025-06-01,2025,6,53645.0
VNM,2025-07-01,2025,7,56605.0
VNM,2025-08-01,2025,8,55773.0
VNM,2025-09-01,2025,9,55495.0
VNM,2025-10-01,2025,10,55774.0
VNM,2025-11-01,2025,11,61971.0
VNM,2025-12-01,2025,12,59260.0
